{
  "generated_at_utc": "2025-11-03T03:42:31+00:00",
  "seed": 42,
  "config": {
    "n_assets": 5,
    "mus": [
      0.08,
      0.1,
      0.11,
      0.09,
      0.12
    ],
    "sigmas": [
      0.2,
      0.25,
      0.22,
      0.18,
      0.28
    ],
    "T": 1.0,
    "steps_per_year": 252,
    "s0": 100.0,
    "rf": 0.02
  },
  "mu_annual": [
    0.01251113338486948,
    0.17824686428541664,
    0.1854008087540838,
    -0.011431824165458954,
    -0.5491174014816994
  ],
  "Sigma_annual": [
    [
      0.03746015991339022,
      0.004639454745232429,
      -0.0027389416450070165,
      9.665023628935307e-06,
      -0.0037690553714868676
    ],
    [
      0.004639454745232429,
      0.058086754554537365,
      0.005731016273546067,
      -0.0009542924781639323,
      0.0031741877166621677
    ],
    [
      -0.0027389416450070165,
      0.005731016273546067,
      0.04379530510248858,
      0.0006059993924581754,
      0.004000493321216204
    ],
    [
      9.665023628935307e-06,
      -0.0009542924781639323,
      0.0006059993924581754,
      0.03398587700773121,
      0.005554722067632637
    ],
    [
      -0.0037690553714868676,
      0.0031741877166621677,
      0.004000493321216204,
      0.005554722067632637,
      0.08150110025879405
    ]
  ],
  "artifacts": [
    "mvo_frontier.png",
    "mvo_weights.png",
    "mvo_risk.png",
    "corr.png",
    "gbm_prices.png",
    "gbm_returns.png",
    "frontier.csv"
  ],
  "notes": "Artifacts generated with OSQP-backed MVO on GBM-derived returns."
}